<?xml version="1.0" encoding="UTF-8"?>
<!DOCTYPE tiles-definitions PUBLIC "-//Apache Software Foundation//DTD Tiles Configuration 2.0//EN"
"http://tiles.apache.org/dtds/tiles-config_2_0.dtd">

<tiles-definitions>
	<!-- 메인 페이지 레이아웃 -->
	<definition name="main"
		template="/WEB-INF/views/template/client/mainLayout.jsp">
		<put-attribute name="title" value="WorkSpace" />
		<put-attribute name="header"
			value="/WEB-INF/views/template/client/header.jsp" />
		<put-attribute name="body" value=""/>
		<put-attribute name="footer"
			value="/WEB-INF/views/template/client/footer.jsp" />
	</definition>
	
	<!-- 사용자 페이지 레이아웃 -->
	<definition name="content"
		template="/WEB-INF/views/template/client/contentLayout.jsp">
		<put-attribute name="title" value="WorkSpace" />
		<put-attribute name="header"
			value="/WEB-INF/views/template/client/header.jsp" />
		<put-attribute name="aside" value="" />
		<put-attribute name="body" value="" />
		<put-attribute name="footer"
			value="/WEB-INF/views/template/client/footer.jsp" />
	</definition>
	
	<!-- 메인 페이지 -->
	<definition name="home" extends="main">
		<put-attribute name="body" value="/WEB-INF/views/template/client/mainContent.jsp" />
	</definition>
	
	<!-- 공간 조회 게시판 -->
	<definition name="space/*" extends="content">
		<put-attribute name="title" value="공간조회 게시판" />
		<put-attribute name="aside"
			value="/WEB-INF/views/template/client/aside2.jsp" />
		<put-attribute name="body"
			value="/WEB-INF/views/client/space/{1}.jsp" />
	</definition>
	
	<!-- 로그인 페이지 -->
	<definition name="login/login" extends="main">
		<put-attribute name="title" value="로그인" />
		<put-attribute name="body" value="/WEB-INF/views/client/login/login.jsp" />
	</definition>
	
	<!-- 아이디/비밀번호 찾기 페이지 -->
	<definition name="login/find" extends="main">
		<put-attribute name="title" value="아이디/비밀번호 찾기" />
		<put-attribute name="body" value="/WEB-INF/views/client/login/find.jsp" />
	</definition>
	
	<!-- 내정보 페이지 -->
	<definition name="member/info/*" extends="content">
		<put-attribute name="title" value="마이페이지"  />
		<put-attribute name="aside" value="/WEB-INF/views/template/client/aside3.jsp" />
		<put-attribute name="body" value="/WEB-INF/views/client/member/info/{1}.jsp" />
	</definition>
	
	<!-- 내정보 수정 페이지 -->
	<definition name="member/memberModify" extends="content">
		<put-attribute name="aside" value="/WEB-INF/views/template/client/aside3.jsp" />
		<put-attribute name="body" value="/WEB-INF/views/client/member/memberModify.jsp"></put-attribute>
	</definition>
	
	<!-- 입주신청 페이지 -->
	<definition name="member/*" extends="content">
		<put-attribute name="title" value="입주신청" />
		<put-attribute name="aside"
			value="/WEB-INF/views/template/client/aside2.jsp" />
		<put-attribute name="body"
			value="/WEB-INF/views/client/member/{1}.jsp" />
	</definition>
	
	<!-- 공지사항 페이지 -->
	<definition name="notice/*" extends="content">
		<put-attribute name="title" value="공지사항" />
		<put-attribute name="aside" value="/WEB-INF/views/template/client/aside1.jsp" />
		<put-attribute name="body" value="/WEB-INF/views/client/notice/{1}.jsp" />
	</definition>
	
	<!-- 문의게시판 페이지 -->
	<definition name="inquiry/*" extends="content">
		<put-attribute name="title" value="문의게시판" />
		<put-attribute name="aside" value="/WEB-INF/views/template/client/aside4.jsp" />
		<put-attribute name="body" value="/WEB-INF/views/client/inquiry/{1}.jsp" />
	</definition>
	
	<!-- 자주묻는질문 게시판 페이지 -->
	<definition name="qna/qnaList" extends="content">
		<put-attribute name="title" value="자주묻는질문게시판" />
		<put-attribute name="aside" value="/WEB-INF/views/template/client/aside4.jsp" />
		<put-attribute name="body" value="/WEB-INF/views/client/qna/qnaList.jsp" />
	</definition>

	<!-- 인사말 페이지 -->
	<definition name="greeting/greetingPage" extends="content">
		<put-attribute name="title" value="인사말" />
		<put-attribute name="aside" value="/WEB-INF/views/template/client/aside1.jsp" />
		<put-attribute name="body" value="/WEB-INF/views/client/greeting/greetingPage.jsp" />
	</definition>

	<!-- 사용가이드 페이지 -->
	<definition name="guide/guidePage" extends="content">
		<put-attribute name="title" value="WorkSpace 사용가이드" />
		<put-attribute name="aside" value="/WEB-INF/views/template/client/aside1.jsp" />
		<put-attribute name="body" value="/WEB-INF/views/client/guide/guidePage.jsp"/>
	</definition>
	
	<!-- 개인정보취급방침 페이지 -->
	<definition name="terms/termsPage1" extends="main">
		<put-attribute name="title" value="개인정보취급방침" />
		<put-attribute name="body" value="/WEB-INF/views/terms/termsPage1.jsp"/>
	</definition>
	
	<!-- 이용약관 페이지 -->
	<definition name="terms/termsPage2" extends="main">
		<put-attribute name="title" value="이용약관" />
		<put-attribute name="body" value="/WEB-INF/views/terms/termsPage2.jsp" />
	</definition>

</tiles-definitions>