<?xml version="1.0" encoding="UTF-8" ?>
<!DOCTYPE configuration
  PUBLIC "-//mybatis.org//DTD Config 3.0//EN"
  "http://mybatis.org/dtd/mybatis-3-config.dtd">
<configuration>
	<typeAliases>
		<typeAlias type="com.workspace.client.member.vo.MemberVO" alias="member"/>
		<typeAlias type="com.workspace.client.member.vo.MemberSecurity" alias="security"/>
		<typeAlias type="com.workspace.client.space.vo.SpaceVO" alias="space"/>
		<typeAlias type="com.workspace.client.reserve.vo.ReserveVO" alias="reserve"/>
		<typeAlias type="com.workspace.client.login.vo.LoginVO" alias="login"/>
		<typeAlias type="com.workspace.client.notice.vo.NoticeVO" alias="notice"/>
		<typeAlias type="com.workspace.client.qna.vo.QnaVO" alias="qna"/>
		<typeAlias type="com.workspace.client.inquiry.vo.InquiryVO" alias="inquiry"/>
	</typeAliases>
</configuration>