<?xml version="1.0" encoding="UTF-8" ?>
<!DOCTYPE mapper PUBLIC "-//mybatis.org//DTD Mapper 3.0//EN"
  "http://mybatis.org/dtd/mybatis-3-mapper.dtd">

<mapper namespace="com.workspace.client.inquiry.dao.InquiryDAO">
	
	<!-- 문의게시판 리스트 출력 -->
	<select id="inquiryClientList" parameterType="map" resultType="inquiry">
		select *
		from (select rownum as recNum, i.*
		     from ( select level, i_num, i_parent_num, i_name, i_title, i_reg, i_reply
				  from inquiry_tbl
				  start with i_parent_num = 0
				  connect by prior i_num = i_parent_num
				  order siblings by i_num desc) i )
		where recNum between (#{section} - 1) * 100 + (#{pageNum} - 1) * 10 + 1 and (#{section} - 1) * 100 + #{pageNum} * 10
	</select>
	
	<!-- 전체 문의게시판 수 조회 -->
	<select id="totClientInquiryList" resultType="int">
		select nvl(count(i_num), 0)
		from inquiry_tbl
	</select>
	
	<!-- 글 상세보기 -->
	<select id="inquiryClientDetail" parameterType="int" resultType="inquiry">
		select i_num, i_parent_num, i_name, i_title, i_content, i_reply, i_reg
		from inquiry_tbl
		where i_num = #{i_num}
	</select>
	
	<!-- 가장 최신 문의글 번호 조회 -->
	<select id="maxI_num" resultType="int">
		select nvl(max(i_num), 0)
		from inquiry_tbl
	</select>
	
	<!-- 문의글 등록 -->
	<insert id="inquiryInsert" parameterType="inquiry">
		insert into inquiry_tbl(i_num, i_parent_num, i_name, i_title, i_content, i_reply, i_reg)
		values(#{i_num}, #{i_parent_num}, #{i_name}, #{i_title}, #{i_content}, #{i_reply}, sysdate)
	</insert>	

</mapper>
