<?xml version="1.0" encoding="UTF-8" ?>
<!DOCTYPE mapper PUBLIC "-//mybatis.org//DTD Mapper 3.0//EN"
  "http://mybatis.org/dtd/mybatis-3-mapper.dtd">

<mapper namespace="com.workspace.client.member.dao.MemberDAO">

	<resultMap id="memberInfo" type="member">
		<result property="payment" column="payment" />
	</resultMap>

	<resultMap id="reserveInfo" type="reserve">
		<result property="s_name" column="s_name" />
		<result property="total_cost" column="total_cost" />
		<result property="use_date" column="use_date" />
		<result property="hours" column="hours" />
		<result property="reserve_state" column="reserve_state" />
		<result property="w_apply" column="w_apply" />
		<result property="w_state" column="w_state" />
		<result property="reserve_num" column="reserve_num" />
		<collection property="memberVO" resultMap="memberInfo" />
	</resultMap>

	<!-- ID로 멤버 조회 -->
	<select id="memberSelect" parameterType="String" resultType="member">
		select u_id, u_pw, comp_name, comp_num, u_num, u_name, u_phoneNum, u_email, agree_info,
			   agree_pricePolicy, agree_contRenewal, agree_contWithdrawal, s_name, cont_state,
			   start_date, end_date, initial_contMonth, total_contMonth, total_cost, payment,
			   renewal_months, r_apply, r_state, w_apply, w_state, deactivated
		from member_tbl
		where u_id = #{u_id}
	</select>
	
	<!-- 사업자등록번호로 멤버 조회 -->
	<select id="memberSelectByCompNum" parameterType="String" resultType="member">
		select u_id, u_pw, comp_name, comp_num, u_num, u_name, u_phoneNum, u_email, agree_info,
			   agree_pricePolicy, agree_contRenewal, agree_contWithdrawal, s_name, cont_state,
			   start_date, end_date, initial_contMonth, total_contMonth, total_cost, payment,
			   renewal_months, r_apply, r_state, w_apply, w_state, deactivated
		from member_tbl
		where comp_num = #{comp_num}
	</select>
	
	<!-- 공간명으로 사용현황 조회 -->
	<select id="s_stateSelect" parameterType="String" resultType="String">
		select s_state
		from space_tbl
		where s_name = #{s_name}
	</select>

	<!-- 비밀번호 암호화 테이블 insert -->
	<insert id="securityInsert" parameterType="security">
		insert into security_tbl (u_id, salt)
		values (#{u_id}, #{salt})
	</insert>
	
	<!-- 멤버 insert -->
	<insert id="memberInsert" parameterType="member">
		insert into member_tbl (u_id, u_pw, comp_name, comp_num, u_num, u_name, u_phoneNum, u_email, agree_info,
			   					agree_pricePolicy, agree_contRenewal, agree_contWithdrawal, s_name, cont_state,
			   					start_date, end_date, initial_contMonth, total_contMonth, total_cost)
		values (#{u_id}, #{u_pw}, #{comp_name}, #{comp_num}, #{u_num}, #{u_name}, #{u_phoneNum}, #{u_email}, #{agree_info},
				#{agree_pricePolicy}, #{agree_contRenewal}, #{agree_contWithdrawal}, #{s_name}, #{cont_state},
				#{start_date}, #{end_date}, #{initial_contMonth}, #{total_contMonth}, #{total_cost})
	</insert>
	
	<!-- 공간 사용현황 사용중으로 변경 -->
	<update id="s_stateInUse" parameterType="String">
		update space_tbl
		set s_state = '사용중'
		where s_name = #{s_name}
	</update>
	
	<!-- 내정보 -->
	<select id="readMember" resultType="member">
		SELECT u_id, u_pw, comp_name,
		comp_num, u_num, u_name, u_phoneNum, u_email, payment
		FROM member_tbl
		WHERE u_id
		= #{u_id}
	</select>

	<!-- 내정보 수정 -->
	<update id="updateMember">
		UPDATE member_tbl
		SET u_id=#{u_id},u_pw = #{u_pw},
		comp_name = #{comp_name}, comp_num = #{comp_num},
		u_num = #{u_num},
		u_name = #{u_name}, u_phoneNum = #{u_phoneNum}, u_email =
		#{u_email}
		WHERE u_id = #{u_id}
	</update>
	
	<!-- 내정보 중 비밀번호 수정 -->
	<update id="updatePw" parameterType="member">
		UPDATE member_tbl
		SET u_pw = #{u_pw}
		WHERE u_id = #{u_id}
	</update>

	<!-- Salt 조회 -->
	<select id="findSalt" parameterType="String" resultType="security">
		SELECT salt
		FROM security_tbl
		WHERE u_id = #{u_id}
	</select>
	
	<!-- 입주정보 리스트 기본 조회 -->
	<select id="readContractInfo" resultType="member">
		SELECT u_id, s_name, comp_name, comp_num, start_date, end_date, total_contMonth, total_cost, payment, renewal_months, r_apply, w_apply , w_state , r_state
		FROM member_tbl
		WHERE u_id = #{u_id}
	</select>
	
	<!-- 입주정보_취소신청 -->
	<select id="updateCancelApply">
	UPDATE member_tbl
	SET w_apply = #{w_apply} , w_state = '공간취소대기'
	WHERE u_id = #{u_id} 
	</select>
	
	<!-- 입주정보_갱신신청 -->
	<select id="updateRenewalApply">
		UPDATE member_tbl
		SET r_apply = #{r_apply} , r_state = #{r_state} , renewal_months = #{renewal_months}
		WHERE u_id = #{u_id}
	</select>

	<!-- 공용공간 예약정보 조회 -->
	<select id="readReserveInfo" parameterType="String"
		resultMap="reserveInfo">
		SELECT r.s_name as s_name, r.total_cost as total_cost,
		m.payment as payment,
		r.use_date as use_date, r.hours as hours,r.reserve_state as reserve_state,
		r.w_apply as w_apply, r.w_state as w_state,r.reserve_num as reserve_num
		FROM reserve_tbl r,
		member_tbl m
		where r.u_id = #{u_id} and r.u_id = m.u_id
	</select>

	<!-- 공용공간_취소신청 -->
	<select id="updateCancelReserve">
		UPDATE Reserve_tbl
		SET w_apply = 'Y' , w_state = '예약취소대기'
		WHERE reserve_num = #{reserve_num}
	</select>
	
	<!-- payment 변경 -->
	<update id="updatePayment">
		UPDATE member_tbl
		SET payment = #{payment}
		WHERE u_id = #{u_id}
	</update>
	
	<!-- 비밀번호 일치 확인 -->
	<select id="pwdConfirm" parameterType="member" resultType="int">
		SELECT NVL((
				SELECT 1 FROM member_tbl
				WHERE u_id = #{u_id}
					AND u_pw = #{u_pw}
			),0)as state
		FROM dual
	</select>

</mapper>
