<?xml version="1.0" encoding="UTF-8" ?>
<!DOCTYPE mapper PUBLIC "-//mybatis.org//DTD Mapper 3.0//EN"
  "http://mybatis.org/dtd/mybatis-3-mapper.dtd">

<mapper namespace="com.workspace.client.notice.dao.NoticeDAO">
	
	<!-- 게시물 검색 쿼리 분리 -->
	<sql id="noticeCommon">
		SELECT n_num, n_title, n_reg
		FROM notice_tbl
		<where>
			<if test="search=='n_title'">
				<![CDATA[ n_title LIKE '%'|| #{keyword} ||'%']]>
			</if>
			<if test="search=='n_content'">
				<![CDATA[ n_content LIKE '%'|| #{keyword} ||'%']]>
			</if>
		</where>
	</sql>
	
	<!-- 게시물 기본 조회 -->
	<select id="noticeList" parameterType="notice" resultType="notice">
		SELECT n_num, n_title, TO_CHAR(n_reg,'YYYY-MM-DD') as n_reg
		FROM 
		(	SELECT list.*, ROWNUM AS RNUM
			FROM (
					<include refid="noticeCommon"></include>
					ORDER BY n_num desc
			) list
		)
		<where>
			<if test="start_row != null and start_row !=''">
				<if test="end_row != null and end_row !=''">
					RNUM BETWEEN #{start_row} AND #{end_row}
				</if>
			</if>
		</where>
	</select>
	
	<!-- 게시물 카운트 페이징 -->
	<select id="noticeListCnt" parameterType="notice" resultType="int">
		SELECT NVL(count(1),0)
		FROM (
			SELECT list.*, ROWNUM AS RMUM
			FROM (
					<include refid="noticeCommon"></include>
					ORDER BY n_num desc
			) list
		)
		
	
	</select>
 	
	<!-- 상세 페이지 게시물 조회 -->
	<select id="noticeDetail" parameterType="int" resultType="notice">
		SELECT n_num, n_title, n_content, n_photo, TO_CHAR(n_reg,'YYYY-MM-DD') as n_reg
		FROM notice_tbl
		WHERE n_num = #{n_num} 
	</select>
	
</mapper>
