<?xml version="1.0" encoding="UTF-8" ?>
<!DOCTYPE mapper PUBLIC "-//mybatis.org//DTD Mapper 3.0//EN"
  "http://mybatis.org/dtd/mybatis-3-mapper.dtd">

<mapper namespace="com.workspace.client.space.dao.SpaceDAO">

	<!-- 사무 공간 전체 조회 -->
	<select resultType="space" parameterType="String" id="spacePrivateList">
		SELECT s_name, s_photo, s_price, s_type
		FROM space_tbl 
		<where>
			<if test="s_type==null">s_pop = '사무공간' AND s_state = '사용가능' AND s_type = '1인 데스크' </if>
			<if test="s_type!=null">s_pop = '사무공간' AND s_state = '사용가능' AND s_type = #{s_type}</if>
		</where>
		ORDER BY s_name DESC 
	</select>

	<!--사무공간 상세페이지 조회 -->
	<select id="spacePrivateDetail" parameterType="space"
		resultType="space">
		SELECT
		s_name,s_photo, s_exp, s_price
		FROM space_tbl
		WHERE s_name = #{s_name}
	</select>
	
	<!-- 공용공간 조회 -->
	<select id="spacePublicList" resultType="space">
		select s_name, s_photo, s_price
		from space_tbl
		where s_pop = '공용공간' and s_state = '사용가능'
	</select>
	
	<!-- 공용공간 상세페이지 조회 -->
	<select id="spacePublicDetail" parameterType="space" resultType="space">
		select 
		s_name, s_photo, s_price, s_exp
		from space_tbl
		where s_name = #{s_name}
	</select>
	
	<!-- reserve테이블과 space테이블을 조인해서 원하는 특정날짜에 가능한 시간대를 호출한다. -->
	
	<resultMap id="get_reserveInfo" type="com.workspace.client.reserve.vo.ReserveVO">
		<result property="s_name" column="S_NAME"/>
		<result property="use_date" column="USE_DATE"/>
		<result property="hours" column="HOURS"/>
		<result property="reserve_state" column="RESERVE_STATE"/>
	</resultMap>
	
	<resultMap id="get_spaceInfo" type="com.workspace.client.space.vo.SpaceVO">
		<result property="s_name" column="S_NAME"/>
		<result property="s_pop" column="S_POP"/>
		<result property="s_type" column="S_TYPE"/>
		<result property="s_price" column="S_PRICE"/>
		<result property="s_exp" column="S_EXP"/>
		<result property="s_photo" column="S_PHOTO"/>
		<result property="s_note" column="S_NOTE"/>
		<result property="s_reg" column="S_REG"/>
		<result property="s_state" column="S_STATE"/>
		<collection property="reserveVO" resultMap="get_reserveInfo" />
	</resultMap>
	
	<!-- 이용가능시간을 불러오는 쿼리문 -->
	<select id="spacePublicHrs" resultType="com.workspace.client.reserve.vo.ReserveVO" parameterType="com.workspace.client.reserve.vo.ReserveVO">
        select hours
		from reserve_tbl r, (select s_name, s_state
                    		from space_tbl
                    		where s_name = #{s_name} and
                    		s_state = '사용가능' ) s
		where r.s_name = s.s_name
		and use_date = #{use_date}
		and (hours = '오전' or hours = '오후' or hours = '전일제')
		and hours != '-'
        		
	</select>
	
	
</mapper>

