<?xml version="1.0" encoding="UTF-8" ?>
<!DOCTYPE mapper PUBLIC "-//mybatis.org//DTD Mapper 3.0//EN"
  "http://mybatis.org/dtd/mybatis-3-mapper.dtd">

<mapper namespace="com.workspace.admin.inquiry.dao.AdminInquiryDAO">

	<!-- 문의게시판 리스트 출력 -->
	<select id="inquiryList" parameterType="map" resultType="inquiry">
		select *
		from (select rownum as recNum, i.*
			  from (select level, i_num, i_parent_num, i_name, i_title, i_reg, i_reply
					from inquiry_tbl
					start with i_parent_num = 0
					connect by prior i_num = i_parent_num
					order siblings by i_num desc) i)
		where recNum between (#{section} - 1) * 100 + (#{pageNum} - 1) * 10 + 1 and (#{section} - 1) * 100 + #{pageNum} * 10
	</select>

	<!-- 전체 문의게시판 리스트 수 조회 -->
	<select id="totInquiryList" resultType="int">
		select nvl(count(i_num), 0)
		from inquiry_tbl
	</select>

	<!-- 문의게시판 리스트 출력(답변/미답변 카테고리 선택값으로 조회) -->
	<select id="inquiryListSearch" parameterType="map" resultType="inquiry">
		select *
		from (select rownum as recNum, i.*
			  from (select level, i_num, i_parent_num, i_name, i_title, i_reg, i_reply
					from inquiry_tbl
					where i_reply like
					<choose>
						<when test = "i_reply == 'all'"> '%'</when>
						<otherwise> #{i_reply}</otherwise>
					</choose>
					start with i_parent_num = 0
					connect by prior i_num = i_parent_num
					order siblings by i_num desc) i)
		where recNum between (#{section} - 1) * 100 + (#{pageNum} - 1) * 10 + 1 and (#{section} - 1) * 100 + #{pageNum} * 10
	</select>

	<!-- 답변/미답변 카테고리 조건에 맞는 문의게시판 리스트 수 조회 -->
	<select id="inquiryListCnt" parameterType="map" resultType="int">
		select nvl(count(i_num), 0)
		from inquiry_tbl
		where i_reply like
		<choose>
			<when test = "i_reply == 'all'"> '%'</when>
			<otherwise> #{i_reply}</otherwise>
		</choose>
	</select>	
	
	<!-- 글 상세보기 -->
	<select id="inquiryDetail" parameterType="int" resultType="inquiry">
		select i_num, i_parent_num, i_name, i_title, i_content, i_reply, i_reg
		from inquiry_tbl
		where i_num = #{i_num}
	</select>
	
	<!-- 답변 등록 -->
	<insert id="inquiryReInsert" parameterType="inquiry">
		insert into inquiry_tbl(i_num, i_parent_num, i_name, i_title, i_content, i_reply)
		values (#{i_num}, #{i_parent_num}, #{i_name}, #{i_title}, #{i_content}, #{i_reply})
	</insert>
	
	<!-- 사용자 게시글 답변여부 컬럼을 '답변' 상태로 변경 -->
	<update id="i_replyAnswer" parameterType="int">
		update inquiry_tbl
		set i_reply = '답변'
		where i_num = #{i_num}
	</update>
	
	<!-- 부모글 번호로 답변글 번호 조회 -->
	<select id="selectI_num" parameterType="int" resultType="int">
		select i_num
		from inquiry_tbl
		where i_parent_num = #{i_parent_num}
	</select>
	
	<!-- 답변 수정 -->
	<update id="inquiryReUpdate" parameterType="inquiry">
		update inquiry_tbl
		set i_content = #{i_content}
		where i_num = #{i_num}
	</update>
	
	<!-- 답변 삭제 -->
	<delete id="inquiryReDelete" parameterType="inquiry">
		delete from inquiry_tbl
		where i_num = #{i_num}
	</delete>
	
	<!-- 사용자 게시글 답변여부 컬럼을 '미답변' 상태로 변경 -->
	<update id="i_replyUnanswer" parameterType="int">
		update inquiry_tbl
		set i_reply = '미답변'
		where i_num = #{i_num}
	</update>
	
</mapper>