<?xml version="1.0" encoding="UTF-8" ?>
<!DOCTYPE mapper PUBLIC "-//mybatis.org//DTD Mapper 3.0//EN"
  "http://mybatis.org/dtd/mybatis-3-mapper.dtd">

<mapper namespace="com.workspace.admin.reserve.dao.AdminReserveDAO">

	<resultMap id="get_memberInfo" type="member">
		<result property="comp_name" column="comp_name" />
		<result property="comp_num" column="comp_num" />
		<result property="payment" column="payment" />
	</resultMap>
	
	<resultMap id="get_reserveInfo" type="reserve">
		<result property="reserve_num" column="reserve_num" />
		<result property="s_name" column="s_name" />
		<result property="u_id" column="u_id" />
		<result property="use_date" column="use_date" />
		<result property="hours" column="hours" />
		<result property="reserve_state" column="reserve_state" />
		<result property="total_cost" column="total_cost" />
		<result property="w_apply" column="w_apply" />
		<result property="w_state" column="w_state" />
		<collection property="memberVO" resultMap="get_memberInfo" />
	</resultMap>
	
	<!-- 공용공간 예약 리스트 출력 -->
	<select id="reserveList" parameterType="map" resultMap="get_reserveInfo">
		select *
		from (select rownum as recNum, rrm.*
    		  from (select r.*, rm.comp_name as comp_name, rm.comp_num as comp_num, rm.payment as payment 
        			from reserve_tbl r, (select r.reserve_num as reserve_num, m.comp_name as comp_name, m.comp_num as comp_num, m.payment as payment
        								 from reserve_tbl r, member_tbl m
        								 where r.u_id = m.u_id) rm
        			where r.reserve_num = rm.reserve_num
        			order by use_date desc, s_name) rrm)
		where recNum between (#{section} - 1) * 100 + (#{pageNum} - 1) * 10 + 1 and (#{section} - 1) * 100 + #{pageNum} * 10
	</select>
	
	<!-- 전체 공용공간 예약 리스트 수 조회 -->
	<select id="totReserveList" resultType="int">
		select nvl(count(reserve_num), 0)
		from reserve_tbl
	</select>
	
	<!-- 공용공간 예약 리스트 출력(카테고리 선택값, 회사명 입력값으로 조회) -->
	<select id="reserveListSearch" parameterType="map" resultMap="get_reserveInfo">
		select *
		from (select rownum as recNum, rrm.*
    		  from (select r.*, rm.comp_name as comp_name, rm.comp_num as comp_num, rm.payment as payment 
        			from reserve_tbl r, (select r.reserve_num as reserve_num, m.comp_name as comp_name, m.comp_num as comp_num, m.payment as payment
        								 from reserve_tbl r, member_tbl m
        								 where r.u_id = m.u_id) rm
        			where r.reserve_num = rm.reserve_num
        				  AND use_date like
        			<choose>
						<when test = "use_date == ''"> '%'</when>
						<otherwise> #{use_date}</otherwise>
					</choose>
						  AND reserve_state like
        			<choose>
						<when test = "reserve_state == 'all'"> '%'</when>
						<otherwise> #{reserve_state}</otherwise>
					</choose>
					<if test = "w_apply != 'all'">
						  AND w_apply like #{w_apply}
					</if>
					<if test = "w_state != 'all'">
						  AND w_state like #{w_state}
					</if>
						  AND comp_name like '%' || #{comp_name} || '%'
        			order by use_date desc, s_name) rrm)
		where recNum between (#{section} - 1) * 100 + (#{pageNum} - 1) * 10 + 1 and (#{section} - 1) * 100 + #{pageNum} * 10
	</select>
	
	<!-- 카테고리, 키워드 조건에 맞는 공용공간 예약 리스트 수 조회 -->
	<select id="reserveListCnt" parameterType="map" resultType="int">
		select nvl(count(r.reserve_num), 0)
		from reserve_tbl r, (select r.reserve_num as reserve_num, m.comp_name as comp_name, m.comp_num as comp_num, m.payment as payment
							 from reserve_tbl r, member_tbl m
							 where r.u_id = m.u_id) rm
		where r.reserve_num = rm.reserve_num
			  AND use_date like
        <choose>
			<when test = "use_date == ''"> '%'</when>
			<otherwise> #{use_date}</otherwise>
		</choose>
			  AND reserve_state like
        <choose>
			<when test = "reserve_state == 'all'"> '%'</when>
			<otherwise> #{reserve_state}</otherwise>
		</choose>
		<if test = "w_apply != 'all'">
			  AND w_apply like #{w_apply}
		</if>
		<if test = "w_state != 'all'">
			  AND w_state like #{w_state}
		</if>
			  AND comp_name like '%' || #{comp_name} || '%'
	</select>
	
	<!-- 공용공간 예약 수정 - 예약완료 -->
	<update id="reserveApproval" parameterType="reserve">
		update reserve_tbl
		set reserve_state = '예약완료', w_apply = 'N', w_state = '예약취소대기'
		where reserve_num = #{reserve_num}
	</update>
	
	<!-- 공용공간 예약 수정 - 예약취소(예약 강제 취소) 및 이용시간 리셋 -->
	<update id="reserveDisapproval" parameterType="reserve">
		update reserve_tbl
		set reserve_state = '예약취소',
			hours = '-'
		where reserve_num = #{reserve_num}
	</update>
	
	<!-- 공용공간 예약 수정 - 취소승인(고객의 취소 요청) -->
	<update id="reserveWithdrawalApproval" parameterType="reserve">
		update reserve_tbl
		set reserve_state = '예약취소',
			hours = '-',
			w_state = '예약취소완료'
		where reserve_num = #{reserve_num}
	</update>
	
</mapper>
