<?xml version="1.0" encoding="UTF-8" ?>
<!DOCTYPE mapper PUBLIC "-//mybatis.org//DTD Mapper 3.0//EN"
  "http://mybatis.org/dtd/mybatis-3-mapper.dtd">

<mapper namespace="com.workspace.admin.qna.dao.AdminQnaDAO">

	<!-- 자주묻는질문 리스트 출력 -->
	<select id="qnaList" parameterType="map" resultType="qna">
		select *
		from (select rownum as recNum, q.*
			  from (select q_num, q_title, q_content
					from qna_tbl
					order by q_num desc) q)
		where recNum between (#{section} - 1) * 100 + (#{pageNum} - 1) * 10 + 1 and (#{section} - 1) * 100 + #{pageNum} * 10
	</select>

	<!-- 전체 자주묻는질문 리스트 수 조회 -->
	<select id="totQnaList" resultType="int">
		select nvl(count(q_num), 0)
		from qna_tbl
	</select>

	<!-- 자주묻는질문 리스트 출력(키워드 입력값으로 조회) -->
	<select id="qnaListSearch" parameterType="map" resultType="qna">
		select *
		from (select rownum as recNum, q.*
			  from (select q_num, q_title, q_content
					from  qna_tbl
					where q_title like '%' || #{keyword} || '%'
							or q_content like '%' || #{keyword} || '%'
					order by q_num desc) q)
		where recNum between (#{section} - 1) * 100 + (#{pageNum} - 1) * 10 + 1 and (#{section} - 1) * 100 + #{pageNum} * 10
	</select>

	<!-- 키워드 입력값에 맞는 자주묻는질문 리스트 수 조회 -->
	<select id="qnaListCnt" parameterType="map" resultType="int">
		select nvl(count(q_num), 0)
		from qna_tbl
		where q_title like '%' || #{keyword} || '%'
				or q_content like '%' || #{keyword} || '%'
	</select>
	
	<!-- 가장 최신 글번호 구하기 -->
	<select id="maxQ_num" resultType="int">
		select nvl(max(q_num), 0)
		from qna_tbl
	</select>
	
	<!-- 자주묻는질문 등록 -->
	<insert id="qnaInsert" parameterType="qna">
		insert into qna_tbl(q_num, q_title, q_content)
		values (#{q_num}, #{q_title}, #{q_content})
	</insert>
	
	<!-- 자주묻는질문 상세보기 -->
	<select id="qnaDetail" parameterType="int" resultType="qna">
		select q_num, q_title, q_content
		from qna_tbl
		where q_num = #{q_num}
	</select>
	
	<!-- 자주묻는질문 수정 -->
	<update id="qnaUpdate" parameterType="qna">
		update qna_tbl
		set q_title = #{q_title}, q_content = #{q_content}
		where q_num = #{q_num}
	</update>
	
	<!-- 자주묻는질문 삭제 -->
	<delete id="qnaDelete" parameterType="qna">
		delete from qna_tbl
		where q_num = #{q_num}
	</delete>
	
</mapper>