<?xml version="1.0" encoding="UTF-8" ?>
<!DOCTYPE mapper PUBLIC "-//mybatis.org//DTD Mapper 3.0//EN"
  "http://mybatis.org/dtd/mybatis-3-mapper.dtd">

<mapper namespace="com.workspace.admin.member.dao.AdminMemberDAO">

	<resultMap type="java.util.TreeMap" id="graph" />
	
	<!-- 공간유형별 입주율 -->
	<select id="spaceContractRate" resultMap="graph">
		select count(case when s_type = '1인 데스크' then 1 end) "1인 데스크",
			   count(case when s_type = '프라이빗 오피스 1인실' then 1 end) "1인실",
			   count(case when s_type = '프라이빗 오피스 2-4인실' then 1 end) "2-4인실",
			   count(case when s_type = '프라이빗 오피스 5-7인실' then 1 end) "5-7인실",
			   count(case when s_type = '프라이빗 오피스 8-10인실' then 1 end) "8-10인실"
		from (select m.u_id, s.s_type
			  from member_tbl m, space_tbl s
			  where m.s_name = s.s_name and m.cont_state = '승인완료')
	</select>
	
	<!-- 공간유형별 갱신 신청률 -->
	<select id="spaceRapplyRate" resultMap="graph">
		<![CDATA[
		select round(nvl(count(case when ((initial_contMonth != total_contMonth and s_type = '1인 데스크')
										or (initial_contMonth = total_contMonth
											and TO_DATE(end_date) >= TO_DATE(TO_CHAR(sysdate, 'YYYY-MM-DD'))
											and TO_DATE(end_date) - TO_DATE(TO_CHAR(sysdate, 'YYYY-MM-DD')) <= 14
											and r_apply = 'Y'
											and s_type = '1인 데스크')) then 1 end)
					/ decode(count(case when (s_type = '1인 데스크') then 1 end), 0, null, count(case when (s_type = '1인 데스크') then 1 end)), 0) * 100, 2) "1인 데스크",
				round(nvl(count(case when ((initial_contMonth != total_contMonth and s_type = '프라이빗 오피스 1인실')
										or (initial_contMonth = total_contMonth
											and TO_DATE(end_date) >= TO_DATE(TO_CHAR(sysdate, 'YYYY-MM-DD'))
											and TO_DATE(end_date) - TO_DATE(TO_CHAR(sysdate, 'YYYY-MM-DD')) <= 14
											and r_apply = 'Y'
											and s_type = '프라이빗 오피스 1인실')) then 1 end)
					/ decode(count(case when (s_type = '프라이빗 오피스 1인실') then 1 end), 0, null, count(case when (s_type = '프라이빗 오피스 1인실') then 1 end)), 0) * 100, 2) "1인실",
				round(nvl(count(case when ((initial_contMonth != total_contMonth and s_type = '프라이빗 오피스 2-4인실')
										or (initial_contMonth = total_contMonth
											and TO_DATE(end_date) >= TO_DATE(TO_CHAR(sysdate, 'YYYY-MM-DD'))
											and TO_DATE(end_date) - TO_DATE(TO_CHAR(sysdate, 'YYYY-MM-DD')) <= 14
											and r_apply = 'Y'
											and s_type = '프라이빗 오피스 2-4인실')) then 1 end)
					/ decode(count(case when (s_type = '프라이빗 오피스 2-4인실') then 1 end), 0, null, count(case when (s_type = '프라이빗 오피스 2-4인실') then 1 end)), 0) * 100, 2) "2-4인실",
				round(nvl(count(case when ((initial_contMonth != total_contMonth and s_type = '프라이빗 오피스 5-7인실')
										or (initial_contMonth = total_contMonth
											and TO_DATE(end_date) >= TO_DATE(TO_CHAR(sysdate, 'YYYY-MM-DD'))
											and TO_DATE(end_date) - TO_DATE(TO_CHAR(sysdate, 'YYYY-MM-DD')) <= 14
											and r_apply = 'Y'
											and s_type = '프라이빗 오피스 5-7인실')) then 1 end)
					/ decode(count(case when (s_type = '프라이빗 오피스 5-7인실') then 1 end), 0, null, count(case when (s_type = '프라이빗 오피스 5-7인실') then 1 end)), 0) * 100, 2) "5-7인실",
				round(nvl(count(case when ((initial_contMonth != total_contMonth and s_type = '프라이빗 오피스 8-10인실')
										or (initial_contMonth = total_contMonth
											and TO_DATE(end_date) >= TO_DATE(TO_CHAR(sysdate, 'YYYY-MM-DD'))
											and TO_DATE(end_date) - TO_DATE(TO_CHAR(sysdate, 'YYYY-MM-DD')) <= 14
											and r_apply = 'Y'
											and s_type = '프라이빗 오피스 8-10인실')) then 1 end)
					/ decode(count(case when (s_type = '프라이빗 오피스 8-10인실') then 1 end), 0, null, count(case when (s_type = '프라이빗 오피스 8-10인실') then 1 end)), 0) * 100, 2) "8-10인실"
		from (select u_id, s_type, end_date, initial_contMonth, total_contMonth, r_apply
			  from member_tbl m, space_tbl s
			  where m.s_name = s.s_name)
		]]>
	</select>
	
	<!-- 입주정보 리스트 출력 -->
	<select id="contractList" parameterType="map" resultType="member">
		select *
		from (select rownum as recNum, u_id, s_name, comp_name, comp_num, start_date, end_date, total_contMonth, total_cost, payment, cont_state, r_apply, r_state, w_apply, w_state
			  from (select u_id, s_name, comp_name, comp_num, start_date, end_date, total_contMonth, total_cost, payment, cont_state, r_apply, r_state, w_apply, w_state
			  		from member_tbl
					order by start_date desc, s_name))
		where recNum between (#{section} - 1) * 100 + (#{pageNum} - 1) * 10 + 1 and (#{section} - 1) * 100 + #{pageNum} * 10
	</select>
	
	<!-- 전체 입주정보 리스트 수 조회 -->
	<select id="totContList" resultType="int">
		select nvl(count(u_id), 0)
		from member_tbl
	</select>
	
	<!-- 입주정보 리스트 출력(카테고리 선택값, 회사명 입력값으로 조회) -->
	<select id="contractListSearch" parameterType="map" resultType="member">
		select *
		from (select rownum as recNum, u_id, s_name, comp_name, comp_num, start_date, end_date, total_contMonth, total_cost, payment, cont_state, r_apply, r_state, w_apply, w_state
			  from (select u_id, s_name, comp_name, comp_num, start_date, end_date, total_contMonth, total_cost, payment, cont_state, r_apply, r_state, w_apply, w_state
					from member_tbl
					where cont_state like
						<choose>
							<when test = "cont_state == 'all'"> '%'</when>
							<otherwise> #{cont_state}</otherwise>
						</choose>
						<if test = "r_apply != 'all'">
						  AND r_apply like #{r_apply}
						</if>
						<if test = "w_apply != 'all'">
						  AND w_apply like #{w_apply}
						</if>
						<if test = "w_state != 'all'">
						  AND w_state like #{w_state}
						</if>
						  AND comp_name like '%' || #{comp_name} || '%'
					order by start_date desc, s_name))
		where recNum between (#{section} - 1) * 100 + (#{pageNum} - 1) * 10 + 1 and (#{section} - 1) * 100 + #{pageNum} * 10
	</select>
	
	<!-- 카테고리, 키워드 조건에 맞는 입주정보 리스트 수 조회 -->
	<select id="contListCnt" parameterType="map" resultType="int">
		select nvl(count(u_id), 0)
		from member_tbl
		where cont_state like
			<choose>
				<when test = "cont_state == 'all'"> '%'</when>
				<otherwise> #{cont_state}</otherwise>
			</choose>
			<if test = "r_apply != 'all'">
			  AND r_apply like #{r_apply}
			</if>
			<if test = "w_apply != 'all'">
			  AND w_apply like #{w_apply}
			</if>
			<if test = "w_state != 'all'">
			  AND w_state like #{w_state}
			</if>
			  AND comp_name like '%' || #{comp_name} || '%'
	</select>
	
	<!-- 입주정보수정 - 승인완료 -->
	<update id="contApproval" parameterType="member">
		update member_tbl
		set cont_state = '승인완료', r_apply = 'N', r_state = '갱신승인대기', w_apply = 'N', w_state = '공간취소대기'
		where u_id = #{u_id}
	</update>
	
	<!-- 입주정보수정 - 승인반려 -->
	<update id="contDisapproval" parameterType="member">
		update member_tbl
		set cont_state = '승인반려'
		where u_id = #{u_id}
	</update>
	
	<!-- 입주정보수정 - 승인대기 -->
	<update id="contReady" parameterType="member">
		update member_tbl
		set cont_state = '승인대기'
		where u_id = #{u_id}
	</update>
	
	<!-- 입주승인 대기로 변경할 경우 공간 '사용중'으로 다시 변경 -->
	<update id="s_stateReInUse" parameterType="String">
		update space_tbl
		set s_state = '사용중'
		where s_name = #{s_name}
	</update>
	
	<!-- 입주정보 리스트에서 담당자 정보 팝업 내용 조회 -->
	<select id="u_contactInfo" parameterType="String" resultType="member">
		select comp_name, u_name, u_phoneNum, u_email
		from member_tbl
		where u_id = #{u_id}
	</select>
	
	<!-- 입주정보 리스트에서 갱신정보 팝업 내용 조회 -->
	<select id="renewalInfo" parameterType="String" resultType="member">
		select u_id, comp_name, comp_num, end_date, total_contMonth, total_cost, renewal_months
		from member_tbl
		where u_id = #{u_id}
	</select>
	
	<!-- 입주정보수정 - 갱신승인 -->
	<update id="renewalApproval" parameterType="member">
		update member_tbl
		set end_date = #{end_date},
			total_contMonth = #{total_contMonth},
			total_cost = #{total_cost},
			renewal_months = 0,
			r_apply = 'N',
			r_state = '갱신승인대기'
		where u_id = #{u_id}
	</update>
	
	<!-- 입주정보 리스트에서 계약 취소 정보 팝업 내용 조회 -->
	<select id="withdrawalInfo" parameterType="String" resultType="member">
		select u_id, comp_name, comp_num, end_date
		from member_tbl
		where u_id = #{u_id}
	</select>
	
	<!-- 입주정보수정 - 취소승인 -->
	<update id="withdrawalApproval" parameterType="member">
		update member_tbl
		set end_date = #{end_date},
			w_state = '공간취소완료'
		where u_id = #{u_id}
	</update>
	
	<!-- 갱신여부 메일 발송 리스트 팝업 내용 조회 -->
	<select id="renewalMailList" parameterType="map" resultType="member">	
		<![CDATA[
		select *
		from (select rownum as recNum, m.*
			  from (select u_id, s_name, comp_name, end_date, u_email
					from member_tbl
					where (TO_DATE(end_date) - TO_DATE(TO_CHAR(sysdate, 'YYYY-MM-DD'))) <= 7 AND r_apply = 'N' AND w_apply = 'N'
					order by start_date desc, s_name) m)
		where recNum between (#{section} - 1) * 100 + (#{pageNum} - 1) * 10 + 1 and (#{section} - 1) * 100 + #{pageNum} * 10
		]]>
	</select>
	
	<!-- 갱신여부 메일 발송 대상 수 -->
	<select id="totRenewalMailList" resultType="int">
		<![CDATA[
		select nvl(count(u_id), 0)
		from member_tbl
		where (TO_DATE(end_date) - TO_DATE(TO_CHAR(sysdate, 'YYYY-MM-DD'))) < 7 AND r_apply = 'N' AND w_apply = 'N'
		]]>
	</select>
	
	<!-- 게시물 검색 쿼리 분리 -->
	<sql id="memberCommon">
		SELECT u_id, comp_name, comp_num, u_num, u_name, u_phoneNum, u_email, start_date, initial_contMonth, total_contMonth, renewal_months, deactivated
		FROM member_tbl
		<where>
			<if test="search==''">
			
			</if>
			<if test="search=='u_id'">
				<![CDATA[ u_id LIKE '%'||#{keyword}||'%']]>
			</if>
			<if test="search=='comp_name'">
				<![CDATA[ comp_name LIKE '%'||#{keyword}||'%']]>
			</if>
			<if test="search=='u_name'">
				<![CDATA[ u_name LIKE '%'||#{keyword}||'%']]>
			</if>
			<if test="search=='u_phoneNum'">
				<![CDATA[ u_phoneNum LIKE '%'||#{keyword}||'%']]>
			</if>
			<if test="search=='u_email'">
				<![CDATA[ u_email LIKE '%'||#{keyword}||'%']]>
			</if>
		</where>
	</sql>	
	
	<!-- 회원 정보 리스트  -->
	<select id="memberList" parameterType="member"  resultType="member">
		SELECT u_id, comp_name, comp_num, u_num, u_name, u_phoneNum, u_email, start_date, initial_contMonth, total_contMonth, renewal_months, deactivated
		FROM (
			SELECT list.*, ROWNUM as RNUM
			FROM (
				<include refid="memberCommon"></include>
			) list
		
		)
		<where>
			<if test="start_row != null and start_row !=''">
				<if test="end_row != null and end_row !=''">
					RNUM BETWEEN #{start_row} AND #{end_row}
				</if>
			</if>
		ORDER BY DECODE(deactivated,'N',1,'Y',2) asc,start_date desc
		</where>
	</select>
	
	<!-- 게시물 카운트 페이징 -->
	<select id="memberListCnt" parameterType="member" resultType="int">
		SELECT NVL(count(1),0)
		FROM (
			SELECT list.*, ROWNUM as RNUM
			FROM (
				<include refid="memberCommon"></include>
				ORDER BY start_date desc 
			) list
		)
			
	
	</select>
	
	<!-- 회원 비활성화 처리 -->
	<update id="deactivated" parameterType="member">
		UPDATE member_tbl
		SET deactivated = #{deactivated}
		WHERE u_id = #{u_id}
	</update>
	
</mapper>
