<?xml version="1.0" encoding="UTF-8" ?>
<!DOCTYPE mapper PUBLIC "-//mybatis.org//DTD Mapper 3.0//EN"
  "http://mybatis.org/dtd/mybatis-3-mapper.dtd">

<mapper namespace="com.workspace.admin.notice.dao.AdminNoticeDAO">

	<!-- Notice 테이블 마지막 글 번호 조회 -->
	<select id="findLastNum" resultType="int">
		select nvl(max(n_num), 0)
		from notice_tbl
	</select>
	
	<!-- 공지사항 insert -->
	<insert id="noticeInsert" parameterType="notice">
		<choose>
			<when test="n_photo != null">
				insert into notice_tbl (n_num, n_title, n_content, n_photo)
				values (#{n_num}, #{n_title}, #{n_content}, #{n_photo})
			</when>
			<otherwise>
				insert into notice_tbl (n_num, n_title, n_content)
				values (#{n_num}, #{n_title}, #{n_content})
			</otherwise>
		</choose>
	</insert>
	
	<!-- 공지사항 리스트 조회 -->
 	<select id="adminNoticeList" parameterType="notice" resultType="notice">
 		SELECT n_num, n_title, n_content, TO_CHAR(n_reg,'YYYY-MM-DD') as n_reg
 		FROM (
 			SELECT n_num,  n_title, n_content, n_reg, ROWNUM as RNUM
 			FROM notice_tbl
 			ORDER BY n_num desc
 		) 
 		<where>
 			<if test="start_row != null and start_row != ''">
 				<if test="end_row != null and end_row != ''">
 					RNUM between #{start_row} AND #{end_row}
 				</if>
 			</if>
 		</where>
 		ORDER BY n_num desc
 	</select>
 	
 	<!-- 글 번호로 공지사항 조회 -->
	<select id="adminNoticeDetail" parameterType="int" resultType="notice">
	
		SELECT n_title, n_content, n_photo
		FROM notice_tbl
		WHERE n_num = #{n_num}
		
	</select>
	
	<!-- 공지사항 수정 -->
	<update id="adminNoticeMod">
		UPDATE notice_tbl
		SET n_title = #{n_title}, n_content = #{n_content} <if test="n_photo != ''">,n_photo = #{n_photo}</if>
		WHERE n_num = #{n_num}
	</update>
	
	<!-- 게시물 카운트 페이징 -->
	<select id="adminNoticeListCnt" parameterType="notice" resultType="int">
		SELECT NVL(count(1),0)
		FROM (
			SELECT n_num ,ROWNUM as RNUM
			FROM notice_tbl
			ORDER BY n_num desc	
		) 
	</select>
	
	<!-- 공지사항 삭제 -->
	<delete id="noticeDel" parameterType="notice">
		DELETE 
		FROM notice_tbl
		WHERE n_num = #{n_num}
	
	</delete>
	
</mapper>