<?xml version="1.0" encoding="UTF-8" ?>
<!DOCTYPE mapper PUBLIC "-//mybatis.org//DTD Mapper 3.0//EN"
  "http://mybatis.org/dtd/mybatis-3-mapper.dtd">

<mapper namespace="com.workspace.admin.space.dao.AdminSpaceDAO">

	<!-- 사무공간 리스트 출력 -->
	<select id="privateList" parameterType="map" resultType="space">
		select *
		from (select rownum as recNum, s.*
			  from (select s_name, s_type, s_price, s_note, s_reg, s_state
			  		from space_tbl
			  		where s_pop = '사무공간'
					order by s_reg desc, s_name desc) s)
		where recNum between (#{section} - 1) * 100 + (#{pageNum} - 1) * 10 + 1 and (#{section} - 1) * 100 + #{pageNum} * 10
	</select>

	<!-- 전체 사무공간 리스트 수 조회 -->
	<select id="totPrivateList" resultType="int">
		select nvl(count(s_name), 0)
		from space_tbl
		where s_pop = '사무공간'
	</select>

	<!-- 사무공간 리스트 출력(카테고리 선택값, 공간명 입력값으로 조회) -->
	<select id="privateListSearch" parameterType="map" resultType="space">
		select *
		from (select rownum as recNum, s.*
			  from (select s_name, s_type, s_price, s_note, s_reg, s_state
			  		from space_tbl
			  		where s_pop = '사무공간'
			  			  AND s_type like
						<choose>
							<when test = "s_type == 'all'"> '%'</when>
							<otherwise> #{s_type}</otherwise>
						</choose>
						  AND s_state like
						<choose>
							<when test = "s_state == 'all'"> '%'</when>
							<otherwise> #{s_state}</otherwise>
						</choose>
						  AND s_name like '%' || #{s_name} || '%'
					order by s_reg desc, s_name desc) s)
		where recNum between (#{section} - 1) * 100 + (#{pageNum} - 1) * 10 + 1 and (#{section} - 1) * 100 + #{pageNum} * 10
	</select>

	<!-- 카테고리, 키워드 조건에 맞는 사무공간 리스트 수 조회 -->
	<select id="privateListCnt" parameterType="map" resultType="int">
		select nvl(count(s_name), 0)
		from space_tbl
		where s_pop = '사무공간'
			  AND s_type like
			<choose>
				<when test = "s_type == 'all'"> '%'</when>
				<otherwise> #{s_type}</otherwise>
			</choose>
			  AND s_state like
			<choose>
				<when test = "s_state == 'all'"> '%'</when>
				<otherwise> #{s_state}</otherwise>
			</choose>
			  AND s_name like '%' || #{s_name} || '%'
	</select>
	
	<!-- 공용공간 리스트 출력 -->
	<select id="publicList" parameterType="map" resultType="space">
		select *
		from (select rownum as recNum, s.*
			  from (select s_name, s_type, s_price, s_note, s_reg, s_state
			  		from space_tbl
			  		where s_pop = '공용공간'
					order by s_reg desc, s_name desc) s)
		where recNum between (#{section} - 1) * 100 + (#{pageNum} - 1) * 10 + 1 and (#{section} - 1) * 100 + #{pageNum} * 10
	</select>

	<!-- 전체 공용공간 리스트 수 조회 -->
	<select id="totPublicList" resultType="int">
		select nvl(count(s_name), 0)
		from space_tbl
		where s_pop = '공용공간'
	</select>

	<!-- 공용공간 리스트 출력(카테고리 선택값, 공간명 입력값으로 조회) -->
	<select id="publicListSearch" parameterType="map" resultType="space">
		select *
		from (select rownum as recNum, s.*
			  from (select s_name, s_type, s_price, s_note, s_reg, s_state
			  		from space_tbl
			  		where s_pop = '공용공간'
						  AND s_state like
						<choose>
							<when test = "s_state == 'all'"> '%'</when>
							<otherwise> #{s_state}</otherwise>
						</choose>
						  AND s_name like '%' || #{s_name} || '%'
					order by s_reg desc, s_name desc) s)
		where recNum between (#{section} - 1) * 100 + (#{pageNum} - 1) * 10 + 1 and (#{section} - 1) * 100 + #{pageNum} * 10
	</select>

	<!-- 카테고리, 키워드 조건에 맞는 공용공간 리스트 수 조회 -->
	<select id="publicListCnt" parameterType="map" resultType="int">
		select nvl(count(s_name), 0)
		from space_tbl
		where s_pop = '공용공간'
			  AND s_state like
			<choose>
				<when test = "s_state == 'all'"> '%'</when>
				<otherwise> #{s_state}</otherwise>
			</choose>
			  AND s_name like '%' || #{s_name} || '%'
	</select>
	
	<!-- 공간 사용현황 '사용가능'으로 수정 -->
	<update id="s_stateUsable" parameterType="String">
		update space_tbl
		set s_state = '사용가능'
		where s_name = #{s_name}
	</update>
	
	<!-- 공간 사용현황 '사용불가'로 수정 -->
	<update id="s_stateUnusable" parameterType="String">
		update space_tbl
		set s_state = '사용불가'
		where s_name = #{s_name}
	</update>

	<!-- 사무공간 공간명에 사용할 시퀀스 조회 -->
	<select id="findSeq" parameterType="String" resultType="int">
		<if test="str == 'desk1'">select space_desk1_seq.nextval</if>
		<if test="str == 'office1'">select space_office1_seq.nextval</if>
		<if test="str == 'office2'">select space_office2_seq.nextval</if>
		<if test="str == 'office5'">select space_office5_seq.nextval</if>
		<if test="str == 'office8'">select space_office8_seq.nextval</if>
		from dual
	</select>
	
	<!-- 공간명으로 공간 조회 -->
	<select id="s_nameConfirm" parameterType="String" resultType="space">
		select s_name, s_pop, s_type, s_price, s_exp, s_photo, s_note, s_reg, s_state
		from space_tbl
		where s_name = #{s_name}
	</select>
	
	<!-- 공간 등록 -->
	<insert id="spaceInsert" parameterType="space">
		insert into space_tbl (s_name, s_pop, s_type, s_price, s_exp, s_photo, s_note, s_state)
		values (#{s_name}, #{s_pop}, #{s_type}, #{s_price}, #{s_exp}, #{s_photo}, #{s_note}, #{s_state})
	</insert>
	
	<!-- 공간 수정 페이지 출력 -->
	<select id="spaceModForm" parameterType="String" resultType="space">
		select s_name, s_pop, s_type, s_price, s_state, s_exp, s_photo, s_note
		from space_tbl
		where s_name = #{s_name}
	</select>
	
	<!-- 공간 수정 -->
	<update id="spaceUpdate" parameterType="space">
		update space_tbl
		set s_price = #{s_price}, s_state = #{s_state}, s_exp = #{s_exp}, s_photo = #{s_photo}, s_note = #{s_note}
		where s_name = #{s_name}
	</update>
	
</mapper>